No,연변,시도,시군구,의료기관명,주소,관할보건소,경도,위도,상태
1,1,서울,강남구,강남구보건소,서울 강남구 삼성동(삼성2동) 8 강남구보건소,강남구보건소,127.0421105,37.51632268,정좌표
2,2,서울,강남구,삼성서울병원,서울 강남구 일원로81 삼성서울병원,강남구보건소,127.0878951,37.48932275,정좌표
3,3,서울,강남구,강남세브란스병원,서울 강남구 언주로211 강남세브란스병원,강남구보건소,127.0463195,37.49209082,정좌표
4,4,서울,강동구,강동구보건소,서울 강동구 성내로45,강동구보건소,127.1255846,37.5295407,정좌표
5,5,서울,강동구,중앙보훈병원,서울 강동구 진황도로 61길 53,강동구보건소,127.147206,37.52818872,정좌표
6,6,서울,강동구,강동경희대병원,서울시 강동구 동남로 892,강동구보건소,127.1576155,37.55355882,정좌표
7,7,서울,강동구,강동성심병원,서울시 강동구 성안로 150,강동구보건소,127.135336,37.53615563,정좌표
8,8,서울,강북구,강북구보건소,"서울 강북구 한천로 897, 강북구보건소",강북구보건소,127.03878,37.63213135,정좌표
9,9,서울,강서구,강서구보건소,서울 강서구 염창동 275-12 강서보건소,강서구보건소,126.8683069,37.54962479,정좌표
10,10,서울,관악구,관악구보건소,서울 관악구 청룡동 1570-1 ,관악구보건소,126.951497,37.4782504,정좌표
11,11,서울,관악구,에이치플러스양지병원,서울특별시 관악구 남부순환로 1636,관악구보건소,126.9323604,37.4842747,정좌표
12,12,서울,광진구,광진구보건소,서울특별시 광진구 자양1동 777,광진구보건소,127.0824241,37.53841069,정좌표
13,13,서울,광진구,건국대학교병원,서울특별시 광진구 능동로 120-1,광진구보건소,127.0722636,37.54099269,정좌표
14,14,서울,구로구,구로구보건소,"서울 구로구 구로동(구로제5동) 109-4 구로5동 주민센터, 구로구보건소",구로구보건소,126.8892957,37.50006951,정좌표
15,15,서울,구로구,고대구로병원,서울 구로구 구로동로 148,구로구보건소,126.8847007,37.491123,정좌표
16,16,서울,구로구,구로성심병원,서울 구로구 경인로 427,구로구보건소,126.803332,37.48225374,정좌표
17,17,서울,금천구,금천구보건소,서울 금천구 시흥제1동 1020 금천구보건소 ,금천구보건소,126.8953852,37.45680559,정좌표
18,18,서울,금천구,희명병원,서울특별시 금천구 시흥대로 244,금천구보건소,126.9005605,37.45566734,정좌표
19,19,서울,노원구,노원구보건소,"서울 노원구 상계6.7동 노원구보건소, 701-1",노원구보건소,127.0566331,37.65415485,정좌표
20,20,서울,노원구,노원을지대학교병원,서울 노원구 한글비석로 68,노원구보건소,127.0699341,37.63643466,정좌표
21,21,서울,노원구,상계백병원,서울 노원구 동일로 1342,노원구보건소,127.0631157,37.64858218,정좌표
22,22,서울,도봉구,도봉구보건소,서울 도봉구 쌍문동 565,도봉구보건소,127.0387641,37.65796824,정좌표
23,23,서울,도봉구,한일병원,서울시 도봉구 우이천로 308(쌍문동) ,도봉구보건소,127.0295405,37.64538852,정좌표
24,24,서울,동대문구,동대문구보건소,서울 동대문구 용두동 39-9 ,동대문구보건소,127.0397236,37.57440898,정좌표
25,25,서울,동대문구,삼육서울병원,서울 동대문구 망우로 82,동대문구보건소,127.0625424,37.58972578,정좌표
26,26,서울,동대문구,서울특별시동부병원,서울 동대문구 무학로 124 ,동대문구보건소,127.0315131,37.57535416,정좌표
27,27,서울,동대문구,서울성심병원,서울 동대문구 왕산로 259,동대문구보건소,127.0498209,37.58418992,정좌표
28,28,서울,동대문구,경희의료원,서울 동대문구 경희대로 23,동대문구보건소,127.0507402,37.59377356,정좌표
29,29,서울,동작구,동작구보건소,서울 동작구 상도2동 176-3,동작구보건소,126.9410912,37.50440569,정좌표
30,30,서울,동작구,서울특별시 보라매병원,서울 동작구 보라매로5길 20,동작구보건소,126.9270647,37.49464971,인근좌표
31,31,서울,동작구,서울특별시 중앙대학교 병원,서울특별시 동작구 흑석로 102,동작구보건소,126.9604219,37.50603875,정좌표
32,32,서울,마포구,마포구보건소,서울 마포구 성산동 370,마포구보건소,126.901917,37.56623119,정좌표
33,33,서울,서대문구,서대문구보건소,서울 서대문구 연희동  연희로242 (연희동 165-2),서대문구보건소,126.9362742,37.5786085,정좌표
34,34,서울,서대문구,세브란스병원,서울 서대문구 연세로 50-1,서대문구보건소,126.9417213,37.56301291,정좌표
35,35,서울,중구,서울중구보건소,서울 중구 신당동 50-5 중구보건소  ,서울중구보건소,127.0182988,37.56234383,인근좌표
36,36,서울,중구,인제대학교서울백병원,서울 중구 마른내로 9 백병원,서울중구보건소,126.9888563,37.56508767,정좌표
37,37,서울,중구,국립중앙의료원,서울 중구 을지로 245,서울중구보건소,127.0062719,37.56802249,정좌표
38,38,서울,서초구,서초구보건소,서울 서초구 서초동(서초2동) 1376-3 서초구청 보건소,서초구보건소,127.0325627,37.48373334,정좌표
39,39,서울,서초구,가톨릭대학교 서울성모병원,서울시 서초구 반포대로 222,서초구보건소,127.0051816,37.49923118,정좌표
40,40,서울,서초구,서울특별시 어린이병원,서울특별시 서초구 헌릉로 260,서초구보건소,127.0688168,37.45529233,정좌표
41,41,서울,성동구,성동구보건소,서울 성동구 홍익동 (왕십리도선동) 16-15 성동구보건소 ,성동구보건소,127.0330882,37.56706922,정좌표
42,42,서울,성동구,한양대학교병원,서울특별시 성동구 왕십리로 222-1 (사근동),성동구보건소,127.0447239,37.55992744,정좌표
43,43,서울,성동구,성동군자의원,서울특별시 성동구 광나루로 323 송정빌딩 2층,성동구보건소,127.0656488,37.5484194,정좌표
44,44,서울,성북구,성북구보건소,서울 성북구 월곡제2동 46-1 성북구보건소 ,성북구보건소,127.039509,37.60268475,정좌표
45,45,서울,성북구,고려대학교의료원안암병원,서울 성북구 고려대로73(안암동 5가),성북구보건소,127.0274683,37.58864642,정좌표
46,46,서울,송파구,송파구보건소,"서울 송파구 신천동 29-5 송파구청, 보건소 ",송파구보건소,127.1060608,37.51460257,정좌표
47,47,서울,송파구,서울아산병원,서울 송파구 올림픽로43길 88,송파구보건소,127.1070973,37.5254121,정좌표
48,48,서울,송파구,경찰병원,서울 송파구 송이로 123,송파구보건소,127.1234875,37.49641466,정좌표
49,49,서울,양천구,양천구보건소,서울 양천구 신정동(신정6동) 321-5 양천보건소,양천구보건소,126.8658775,37.5176228,정좌표
50,50,서울,양천구,이화여자대학교의과대학부속목동병원,서울 양천구 안양천로 1071 ,양천구보건소,126.8867812,37.53704414,정좌표
51,51,서울,양천구,서울특별시 서남병원,서울 양천구 신정이펜1로 20,양천구보건소,126.8331317,37.51202039,정좌표
52,52,서울,양천구,홍익병원,서울 양천구 목동로 225 ,양천구보건소,126.8636417,37.52848284,정좌표
53,53,서울,영등포구,영등포구보건소,서울 영등포구 당산동3가(당산제1동) 385-1 영등포구청 영등포구보건소,영등포구보건소,126.8959281,37.52625179,정좌표
54,54,서울,영등포구,한림대학교 강남성심병원,서울특별시 영등포구 신길로 1,영등포구보건소,126.9086731,37.49324869,정좌표
55,55,서울,영등포구,의료법인 성애병원,서울특별시 영등포구 여의대방로 53길22,영등포구보건소,126.9223689,37.51205002,정좌표
56,56,서울,영등포구,가톨릭대학교 여의도성모병원,서울특별시 영등포구 63로 10,영등포구보건소,126.9360028,37.51790475,정좌표
57,57,서울,영등포구,인봉의료재단 영등포병원,서울특별시 영등포구 당산로31길 10,영등포구보건소,126.8959973,37.52690865,정좌표
58,58,서울,용산구,용산구보건소,서울 용산구 이태원동 34-87,용산구보건소,126.9901541,37.53255184,정좌표
59,59,서울,용산구,순천향대학교서울병원,서울 용산구 대사관로 59(한남동),용산구보건소,127.0038505,37.53411481,정좌표
60,60,서울,은평구,은평구보건소,서울 은평구 녹번동 84 은평구종합청사 은평구보건소,은평구보건소,126.9288508,37.60266048,정좌표
61,61,서울,은평구,가톨릭대학교 은평성모병원,서울 은평구 통일로1021,은평구보건소,126.9161521,37.6336095,정좌표
62,62,서울,은평구,서울특별시서북병원,서울 은평구 갈현로7길 49,은평구보건소,126.9052265,37.60417922,정좌표
63,63,서울,은평구,서울특별시은평병원,서울 은평구 백련산로 90,은평구보건소,126.9237628,37.59420556,정좌표
64,64,서울,은평구,의료법인 청구성심병원,서울 은평구 통일로 873,은평구보건소,126.919552,37.62078901,정좌표
65,65,서울,종로구,종로구보건소,서울 종로구 옥인동(청운효자동) 45-30 종로구보건소,종로구보건소,126.9692278,37.58180602,정좌표
66,66,서울,종로구,강북삼성병원,서울시 종로구 평동 108,종로구보건소,126.9667009,37.5682221,정좌표
67,67,서울,종로구,서울적십자병원,서울시 종로구 평동 164,종로구보건소,126.9669584,37.56737887,정좌표
68,68,서울,종로구,서울대학교병원,서울시 종로구 대학로 101(연건동),종로구보건소,126.998354,37.5785473,정좌표
69,69,서울,중랑구,중랑구보건소,서울 중랑구 신내2동 662 중랑구청 ,중랑구보건소,127.0928815,37.606617,정좌표
70,70,서울,중랑구,서울의료원,서울 중랑구 신내로 156,중랑구보건소,127.098732,37.61307869,정좌표
71,71,서울,중랑구,녹색병원,서울 중랑구 사가정로 49길 53,중랑구보건소,127.0860609,37.58356426,정좌표
72,72,부산,강서구,부산강서구보건소,부산 강서구 대저2동 1932-1 강서브라이트센터 보건소,부산강서구보건소,128.9572357,35.18022114,정좌표
73,73,부산,강서구,의료법인 갑을녹산재단 갑을녹산병원,부산 강서구 녹산산단321로 24-8,부산강서구보건소,128.853313,35.09056577,정좌표
74,74,부산,금정구,금정구보건소,부산광역시 금정구 부곡3동 78,금정구보건소,129.0923935,35.24287038,정좌표
75,75,부산,금정구,세웅병원,부산광역시 금정구 서동로 162(서동),금정구보건소,129.1041005,35.21415378,정좌표
76,76,부산,기장군,기장군보건소,부산 기장군 기장읍 신천리 1번지,기장군보건소,129.2225976,35.24432239,정좌표
77,77,부산,기장군,동남권원자력의학원,부산광역시 기장군 장안읍 좌동길 40,기장군보건소,129.2431678,35.32185765,정좌표
78,78,부산,기장군,기장병원,부산광역시 기장군 기장읍 대청로72번길 6,기장군보건소,129.2167271,35.23577924,정좌표
79,79,부산,동래구,동래구보건소,부산 동래구 명륜2동 702-54번지 ,동래구보건소,127.0941854,37.15869319,인근좌표
80,80,부산,동래구,대동병원,부산 동래구 충렬대로187,동래구보건소,129.0802019,35.20430713,정좌표
81,81,부산,동래구,봉생병원,부산광역시 동래구 안연로109번길 27,동래구보건소,129.0961139,35.19691158,정좌표
82,82,부산,동래구,광혜병원,부산광역시 동래구 충렬대로 96,동래구보건소,129.0711455,35.2069686,정좌표
83,83,부산,남구,부산남구보건소,부산 남구 못골로 23,부산남구보건소,129.0849527,35.13606933,정좌표
84,84,부산,남구,부산성모병원,부산시 남구 용호로 232번길 25-14,부산남구보건소,129.1092834,35.10982062,정좌표
85,85,부산,동구,부산동구보건소,부산 동구 수정동(수정제2동) 806-74 동구청 보건소,부산동구보건소,129.0454436,35.12926166,정좌표
86,86,부산,동구,좋은문화병원,부산광역시 동구 범일로 119(범일동),부산동구보건소,129.0590486,35.14079058,정좌표
87,87,부산,동구,김원묵기념봉생병원,부산광역시 동구 중앙대로 401(좌천동),부산동구보건소,129.0504783,35.13106281,정좌표
88,88,부산,북구,부산북구보건소,부산 북구 금곡대로348 (화명동),부산북구보건소,129.0148765,35.23907862,정좌표
89,89,부산,북구,부민병원,부산 북구 만덕대로 59,부산북구보건소,129.011217,35.21196579,정좌표
90,90,부산,북구,구포성심병원,부산 북구 낙동대로 1786(구포동) ,부산북구보건소,129.0045735,35.20967281,정좌표
91,91,부산,서구,부산서구보건소,부산 서구 부용동2가(부민동) 86 서구보건소 부민노인복지관,부산서구보건소,129.0180806,35.10746646,정좌표
92,92,부산,서구,부산대학교병원,부산 서구 구덕로 179,부산서구보건소,129.0192202,35.10105284,정좌표
93,93,부산,서구,동아대학교병원,부산 서구 대신공원로 26,부산서구보건소,129.0180002,35.11934513,정좌표
94,94,부산,서구,고신대학교복음병원,부산 서구 감천로 262,부산서구보건소,129.0145132,35.08107769,정좌표
95,95,부산,서구,삼육부산병원,부산 서구 대티로 170,부산서구보건소,129.0113282,35.11234846,정좌표
96,96,부산,중구,부산중구보건소,부산 중구 대청동1가 중구청 중구로 120,부산중구보건소,129.0325866,35.10668082,정좌표
97,97,부산,중구,메리놀병원,부산 중구로 121,부산중구보건소,129.0329888,35.10765182,정좌표
98,98,부산,부산진구,부산진구보건소,부산 부산진구 범천동(범천제1동) 849-10 부산진보건소,부산진구보건소,129.059919,35.14621277,정좌표
99,99,부산,부산진구,인제대학교부산백병원,부산 복지로 75,부산진구보건소,126.7904342,37.44608334,정좌표
100,100,부산,부산진구,온종합병원,부산 진구 가야대로 721,부산진구보건소,129.0495585,35.15809585,정좌표
101,101,부산,부산진구,동의병원,부산 진구 양정로 62,부산진구보건소,127.1858603,37.61780554,정좌표
102,102,부산,부산진구,춘해병원,부산 진구 중앙대로 605,부산진구보건소,129.0583812,35.1469504,정좌표
103,103,부산,사상구,사상구보건소,부산 사상구 감전동 138-8,사상구보건소,128.9913461,35.15235841,정좌표
104,104,부산,사상구,부산보훈병원,부산 사상구 백양대로 420 (주례동),사상구보건소,129.0062535,35.15361794,정좌표
105,105,부산,사상구,좋은삼선병원,부산 사상구 가야대로 326,사상구보건소,129.0082451,35.15044417,정좌표
106,106,부산,사하구,사하구보건소,부산광역시 사하구 하신번영로127번길 2(신평동),사하구보건소,128.959551,35.09415488,정좌표
107,107,부산,수영구,수영구보건소,부산 수영구 광안1동 661-1번지,수영구보건소,129.1135798,35.16258598,정좌표
108,108,부산,수영구,좋은강안병원,부산 수영구 수영로 493,수영구보건소,129.110362,35.14977554,정좌표
109,109,부산,수영구,BHS한서병원,부산 수영구 수영로 615,수영구보건소,129.112919,35.16113892,정좌표
110,110,부산,연제구,연제구보건소,부산 연제구 연산2동 연제로 2(연산2동 1555),연제구보건소,129.0791119,35.1767966,정좌표
111,111,부산,연제구,부산광역시의료원,부산 연제구 월드컵대로 359,연제구보건소,129.0600529,35.18741892,정좌표
112,112,부산,영도구,영도구보건소,"부산 영도구 청학동(청학제2동) 48-3, 영도구청 보건소동",영도구보건소,129.0679879,35.0912465,정좌표
113,113,부산,영도구,영도병원,부산시 영도구 태종로 85,영도구보건소,129.0405244,35.09223995,정좌표
114,114,부산,영도구,해동병원,부산시 영도구 태종로 133(봉래동 3가),영도구보건소,129.043863,35.09193601,정좌표
115,115,부산,해운대구,해운대구보건소,부산 해운대구 좌2동 1339,해운대구보건소,129.1789306,35.16396628,정좌표
116,116,부산,해운대구,해운대백병원,부산 해운대구 해운대로875,해운대구보건소,129.1821645,35.17325983,정좌표
117,117,부산,해운대구,해운대부민병원,부산 해운대구 해운대로584,해운대구보건소,129.155654,35.16142097,정좌표
118,118,대구,달서구,달서구보건소,대구 달서구 월성동(월성2동) 281 달서구청,달서구보건소,128.5329702,35.82971695,정좌표
119,119,대구,달서구,계명대학교 동산병원,대구 달서구 달구벌대로 1035,달서구보건소,128.480132,35.85388508,정좌표
120,120,대구,달서구,삼일병원,대구 달서구 월배로 436,달서구보건소,128.5528408,35.83291249,인근좌표
121,121,대구,달서구,구병원,대구 달서구 감삼북길 141,달서구보건소,128.5413829,35.85068194,정좌표
122,122,대구,달서구,세강병원,대구 달서구 구마로 220,달서구보건소,128.5516943,35.83664268,정좌표
123,123,대구,달서구,W병원,대구 달서구 달구벌대로 1632,달서구보건소,128.5449676,35.85264329,정좌표
124,124,대구,달서구,대구보훈병원,대구 달서구 월곡로60,달서구보건소,128.5517119,35.80282902,정좌표
125,125,대구,달성군,달성군 보건소,대구 달성군 현풍읍 하리 253-2 ,달성군 보건소,128.4447384,35.69212701,정좌표
126,126,대구,남구,대구광역시 남구보건소,대구 남구 대명2동 2003번지(영선길 34),대구광역시 남구보건소,128.5915311,35.8539337,정좌표
127,127,대구,남구,영남대학교 병원,대구 남구 현충로 170,대구광역시 남구보건소,128.5816193,35.84745948,정좌표
128,128,대구,남구,대구가톨릭대학교 병원,대구 남구 두류공원로17길 33,대구광역시 남구보건소,128.5685616,35.84368839,정좌표
129,129,대구,남구,드림병원,대구 남구 대명로 153,대구광역시 남구보건소,128.5744652,35.83961475,정좌표
130,130,대구,동구,대구광역시 동구보건소,대구 동구 검사동(동촌동) 1005-8 동구보건소,대구광역시 동구보건소,128.6511571,35.88819214,정좌표
131,131,대구,동구,대구파티마병원,대구광역시 동구 아양로 99,대구광역시 동구보건소,128.6232777,35.88337405,정좌표
132,132,대구,북구,대구광역시 북구보건소,대구광역시 북구 침산3동 521-2 (침산동 북구보건소),대구광역시 북구보건소,128.5891112,35.89159636,정좌표
133,133,대구,북구,대구가톨릭대학교 칠곡가톨릭병원,대구 북구 칠곡중앙대로 440,대구광역시 북구보건소,128.5492907,35.93491612,정좌표
134,134,대구,서구,대구광역시 서구보건소,대구 서구 평리3동 1230-9(국채보상로257),대구광역시 서구보건소,128.5591836,35.8718246,정좌표
135,135,대구,서구,대구의료원,대구 서구 평리로 157,대구광역시 서구보건소,128.5400736,35.85969545,정좌표
136,136,대구,중구,대구광역시 중구보건소,대구 중구 태평로3가(성내3동) 174-1 중구보건소,대구광역시 중구보건소,128.5832465,35.87787806,정좌표
137,137,대구,중구,경북대학교병원,대구 중구 동덕로 130 경북대학교병원,대구광역시 중구보건소,128.6045598,35.86555251,정좌표
138,138,대구,수성구,수성구보건소,대구 수성구 중동 266-5(수성로213) ,수성구보건소,128.6122948,35.84475879,정좌표
139,139,인천,강화군,강화군보건소,인천 강화군 강화읍 남산리 324-1 강화군보건소,강화군보건소,126.4843761,37.73807487,정좌표
140,140,인천,강화군,비에스종합병원,인천 강화군 충렬사로 31,강화군보건소,126.4857303,37.73606565,정좌표
141,141,인천,계양구,계양구보건소,인천 계양구 계산동 1079-1 ,계양구보건소,126.7377468,37.53711099,정좌표
142,142,인천,계양구,인성의료재단 한림병원,인천 계양구 장재로 722,계양구보건소,127.3872303,37.11772683,인근좌표
143,143,인천,계양구,인천세종병원,인천 계양구 계양문화로 20,계양구보건소,126.7368535,37.53254024,정좌표
144,144,인천,남동구,인천광역시남동구보건소,"인천광역시 남동구 소래로 633, 남동구보건소",인천광역시남동구보건소,126.7306783,37.44738941,정좌표
145,145,인천,남동구,길의료재단 길병원,인천광역시 남동구 남동대로 744번길 21,인천광역시남동구보건소,126.7072036,37.44892764,인근좌표
146,146,인천,부평구,인천광역시부평구보건소,인천광역시 부평구 부흥로 291 부평구보건소,인천광역시부평구보건소,126.7242482,37.4988346,정좌표
147,147,인천,부평구,부평세림병원,인천광역시 부평구 부평대로 175,인천광역시부평구보건소,126.7199656,37.50684306,정좌표
148,148,인천,부평구,가톨릭대학교 인천성모병원,인천광역시 부평구 동수로 56,인천광역시부평구보건소,126.7250467,37.48436765,정좌표
149,149,인천,부평구,근로복지공단 인천병원,인천광역시 부평구 무네미로 446,인천광역시부평구보건소,126.7540965,37.47583857,정좌표
150,150,인천,연수구,연수구보건소,인천 연수구 청학동  465-2(함박뫼로 13호),연수구보건소,126.6711354,37.41903221,정좌표
151,151,인천,연수구,나사렛국제병원,"인천광역시 연수구 먼우금로 98 (동춘동, 나사렛국제병원)",연수구보건소,126.6704834,37.40794798,정좌표
152,152,인천,연수구,인천적십자병원,"인천광역시 연수구 원인재로 263 (연수동, 인천적십자병원)",연수구보건소,126.6893672,37.41904063,정좌표
153,153,인천,옹진군,옹진군보건소,인천광역시 웅진군 미추홀구 매소홀로120,옹진군보건소,126.6367452,37.44657044,정좌표
154,154,인천,옹진군,백령병원,인천광역시 웅진군 백령로 233,옹진군보건소,124.7207802,37.96745067,정좌표
155,155,인천,미추홀구,인천광역시미추홀구보건소,인천 미추홀구 도화동(도화1동) 357-1 미추홀구보건소,인천광역시미추홀구보건소,126.6774474,37.46104468,정좌표
156,156,인천,미추홀구,인천사랑병원,인천 미추홀구 미추홀대로 726,인천광역시미추홀구보건소,126.6806831,37.46219606,정좌표
157,157,인천,미추홀구,현대유비스병원,인천 미추홀구 독배로503,인천광역시미추홀구보건소,126.6430069,37.46160992,정좌표
158,158,인천,동구,인천광역시동구보건소,"인천 동구 만석동 18-3 인천광역시동구보건소, 1동 ",인천광역시동구보건소,126.6258031,37.48298364,정좌표
159,159,인천,동구,인천백병원,인천 동구 샛골로214(송림동),인천광역시동구보건소,126.6458312,37.48171341,정좌표
160,160,인천,동구,인천광역시의료원,인천 동구 방축로217(송림동),인천광역시동구보건소,126.6682345,37.47824986,정좌표
161,161,인천,서구,인천광역시서구보건소,인천 서구 심곡동(연희동) 246-1 서구보건소 39,인천광역시서구보건소,126.6737548,37.54435929,정좌표
162,162,인천,서구,국제성모병원,인천 서구 심곡로100번길 23,인천광역시서구보건소,126.6835684,37.54234194,인근좌표
163,163,인천,서구,검단탑병원,인천 서구 청마로19번길 5,인천광역시서구보건소,126.6707159,37.59262556,정좌표
164,164,인천,서구,나은병원,인천 서구 원적로 23,인천광역시서구보건소,126.6797832,37.48905894,정좌표
165,165,인천,서구,뉴 성민병원,인천 서구 신석로 70,인천광역시서구보건소,126.6698654,37.50978922,정좌표
166,166,인천,서구,온누리병원,인천 서구 완정로 199,인천광역시서구보건소,126.6543308,37.60279568,정좌표
167,167,인천,중구,인천광역시중구보건소,인천 중구 전동 2-1,인천광역시중구보건소,126.6289519,37.47705853,정좌표
168,168,인천,중구,인하대병원,인천 중구 인항로27,인천광역시중구보건소,126.6339287,37.45846672,정좌표
169,169,인천,중구,인천기독병원,인천 중구 답동로 30번길 10,인천광역시중구보건소,126.6324431,37.47133153,정좌표
170,170,인천,중구,영종 국제도시보건과,인천 중구 운남서로 100-1,인천광역시중구보건소,126.5309952,37.49363315,정좌표
171,171,광주,광산구,광산구보건소,"광주광역시 광산구 송정동 833-8 (,송정동)",광산구보건소,126.7938194,35.13964218,정좌표
172,172,광주,광산구,첨단종합병원,광주광역시 광산구 첨단중앙로 170번길 59,광산구보건소,126.8452952,35.22110247,정좌표
173,173,광주,광산구,KS병원,광주광역시 광산구 왕버들로220,광산구보건소,126.8331574,35.19793261,정좌표
174,174,광주,남구,광주남구보건소,광주광역시 남구 봉선로 20-1,광주남구보건소,126.9016824,35.13140902,정좌표
175,175,광주,남구,광주기독병원,광주광역시 남구 양림로 37,광주남구보건소,126.9112508,35.13627885,정좌표
176,176,광주,동구,광주동구보건소,광주 동구 서석동 31번지 ,광주동구보건소,126.9230698,35.14588002,정좌표
177,177,광주,동구,전남대학교병원,광주광역시 동구 제봉로 42,광주동구보건소,126.9220918,35.14238383,정좌표
178,178,광주,동구,조선대학교병원,광주광역시 동구 필문대로 365,광주동구보건소,126.9253941,35.13953544,정좌표
179,179,광주,북구,광주북구보건소,광주 북구 중흥2동 359번지,광주북구보건소,126.9121227,35.17333591,정좌표
180,180,광주,북구,광주일곡병원,광주 북구 양일로 309,광주북구보건소,126.8976064,35.20286109,정좌표
181,181,광주,서구,광주서구보건소,광주 서구 농성동(농성1동) 299 서구보건소,광주서구보건소,126.890035,35.15203578,정좌표
182,182,광주,서구,서광병원,광주 서구 금화로 59번길 6 (금호동),광주서구보건소,126.8557328,35.1325959,정좌표
183,183,대전,대덕구,대덕구보건소,대전 대덕구 석봉로38번길55 (석봉동),대덕구보건소,127.4265542,36.44483176,정좌표
184,184,대전,대덕구,근로복지공단 대전병원,대덕구 계족로 637,대덕구보건소,127.4292709,36.36827307,정좌표
185,185,대전,대덕구,대전보훈병원,대덕구 대청로 82번길 147,대덕구보건소,127.439694,36.44731615,정좌표
186,186,대전,동구,대전광역시 동구보건소,대전광역시 동구 가오동 425,대전광역시 동구보건소,127.4548267,36.31187225,정좌표
187,187,대전,동구,대전한국병원,대전광역시 동구 동서대로 1672 ,대전광역시 동구보건소,127.4358344,36.34817459,정좌표
188,188,대전,서구,대전광역시 서구보건소,대전 서구 만년동 340번지,대전광역시 서구보건소,127.3809749,36.36708473,정좌표
189,189,대전,서구,을지대학교병원,대전 서구 둔산서로 95,대전광역시 서구보건소,127.3819878,36.35530079,정좌표
190,190,대전,서구,건양대학교병원,대전 서구 관저동로 158,대전광역시 서구보건소,127.3445629,36.30698032,정좌표
191,191,대전,중구,대전광역시 중구보건소,대전 중구 문화2동 785 중구보건소 ,대전광역시 중구보건소,127.3952712,36.30812837,정좌표
192,192,대전,중구,대전성모병원,대전광역시 중구 대흥로 64 가톨릭대학교대전성모병원,대전광역시 중구보건소,127.4202121,36.32199337,정좌표
193,193,대전,중구,대전선병원,대전광역시 중구 목중로 29 대전선병원,대전광역시 중구보건소,127.4099149,36.33611893,정좌표
194,194,대전,중구,충남대학교병원,대전 중구 문화로 282 충남대학교병원,대전광역시 중구보건소,127.4154696,36.3161279,정좌표
195,195,대전,유성구,대전광역시 유성구보건소,대전 유성구 노은동 270 월드컵보조경기장 P2주차장,대전광역시 유성구보건소,127.3241917,36.36455709,정좌표
196,196,대전,유성구,유성선병원,대전 유성구 북유성대로93,대전광역시 유성구보건소,127.3249902,36.37513353,정좌표
197,197,울산,남구,울산남구보건소,"울산광역시 남구 삼산중로 132, 울산남구보건소 (삼산동)",울산남구보건소,129.3363276,35.54535739,정좌표
198,198,울산,남구,의)정안의료재단 중앙병원,울산 남구 문수로 480번길 10,울산남구보건소,129.3051968,35.53153168,정좌표
199,199,울산,남구,울산병원,울산 남구 월평로 171번길 13,울산남구보건소,129.323109,35.54622172,정좌표
200,200,울산,남구,좋은삼정병원,울산 남구 북부순환도로 51,울산남구보건소,129.2689292,35.55282796,정좌표
201,201,울산,동구,울산동구보건소,울산 동구 화정동 222,울산동구보건소,129.4171387,35.50547942,정좌표
202,202,울산,동구,울산대학교병원,울산 동구 방어진순환도로 877,울산동구보건소,129.4288022,35.52005961,정좌표
203,203,울산,북구,울산북구보건소,울산 북구 연암동(효문동) 1082 보건소,울산북구보건소,129.360637,35.58343895,정좌표
204,204,울산,북구,울산시티병원,울산광역시 북구 산업로 1007,울산북구보건소,129.359018,35.58281756,정좌표
205,205,울산,중구,울산중구보건소,울산 중구 남외동  603-2,울산중구보건소,129.350501,35.56934052,정좌표
206,206,울산,중구,동강병원,울산광역시 중구 태화로 239,울산중구보건소,129.3020953,35.55342419,정좌표
207,207,울산,울주군,울주군보건소,울산 울주군 삼남읍 서향교1길 67-12 울주군보건소,울주군보건소,129.1137363,35.55836372,정좌표
208,208,울산,울주군,서울산보람병원,울산 울주군 삼남읍 중평로 53,울주군보건소,129.1209423,35.55994391,정좌표
209,209,울산,울주군,KTX역 선별진료소,울산 울주군 삼남읍 신화리467,울주군보건소,129.1379617,35.55130388,정좌표
210,210,경기,가평군,가평군보건소,경기 가평군 가평읍 읍내3리 624-1 ,가평군보건소,127.5306647,37.84279922,정좌표
211,211,경기,가평군,HJ매그놀리아국제병원,경기도 가평군 설악면 미사리로 267-117 ,가평군보건소,127.5253603,37.68701255,인근좌표
212,212,경기,고양시,고양시덕양구보건소,경기 고양시 덕양구 주교동 603 덕양구보건소,고양시덕양구보건소,126.8310462,37.65779247,정좌표
213,213,경기,고양시,의료법인명지의료재단명지병원,경기 고양시 덕양구 화수로14번길 55,고양시덕양구보건소,126.8309623,37.64220203,정좌표
214,214,경기,과천시,과천시보건소,경기 과천시 중앙동 과천시청 관문로 69 (중앙동),과천시보건소,126.9931934,37.43329471,정좌표
215,215,경기,광명시,광명시보건소,경기 광명시 하안1동 230-1 오리로613,광명시보건소,126.8787361,37.45644628,정좌표
216,216,경기,광명시,광명성애병원,경기도 광명시 디지털로 36,광명시보건소,126.8718649,37.47316238,정좌표
217,217,경기,광주시,광주시보건소,경기 광주시 경안동 115,광주시보건소,127.2503137,37.41643721,정좌표
218,218,경기,광주시,참조은병원,경기 광주시 광주대로 45,광주시보건소,127.2599576,37.41091748,정좌표
219,219,경기,구리시,구리시보건소,경기 구리시 인창동 674-3,구리시보건소,127.1450891,37.60482542,정좌표
220,220,경기,구리시,한양대학교구리병원,경기도 구리시 경춘로 153,구리시보건소,127.1325076,37.60127509,정좌표
221,221,경기,구리시,원진녹색병원,경기도 구리시 동구릉로65,구리시보건소,127.1338577,37.60594267,정좌표
222,222,경기,군포시,군포시보건소,경기 군포시 부곡동 770-1 (군포로221),군포시보건소,126.9256379,37.33299648,정좌표
223,223,경기,군포시,원광대학교의과대학 산본병원,경기도 군포시 산본로 321,군포시보건소,126.9336043,37.3594143,정좌표
224,224,경기,군포시,효산의료재단법인 지샘병원,경기도 군포시 군포로 591,군포시보건소,126.9473163,37.35867135,정좌표
225,225,경기,용인시,기흥구보건소,경기도 용인시 기흥구 신갈로 58번길 11,기흥구보건소,127.1067681,37.27260645,정좌표
226,226,경기,용인시,강남병원,경기도 용인시 기흥구 용구대로 411,기흥구보건소,127.1131979,37.23375373,인근좌표
227,227,경기,용인시,용인세브란스병원,경기 용인시 기흥구 동백죽전대로363,기흥구보건소,127.1444441,37.27042938,정좌표
228,228,경기,김포시,김포시보건소,경기 김포시 사우동 김포보건소 ,김포시보건소,126.7248237,37.62000173,인근좌표
229,229,경기,김포시,김포우리병원,경기도 김포시 감암로 11,김포시보건소,126.7104701,37.63214983,정좌표
230,230,경기,김포시,뉴고려병원,경기도 김포시 김포한강3로 283,김포시보건소,126.6602294,37.64095701,정좌표
231,231,경기,김포시,히즈메디병원,경기 김포시 김포대로 681 ,김포시보건소,126.7347232,37.61121642,정좌표
232,232,경기,남양주시,남양주보건소,경기 남양주시 다산동(다산2동) 3159-7 남양주시청제2청사 1~2층,남양주보건소,127.1712452,37.61026817,정좌표
233,233,경기,남양주시,남양주보건소 동부보건센터,경기 남양주시 화도읍 비룡로59,남양주보건소,127.3007107,37.65784748,정좌표
234,234,경기,동두천시,동두천시보건소,경기 동두천시 생연2동 714-9 동두천시보건소 ,동두천시보건소,127.0518524,37.89659778,정좌표
235,235,경기,안양시,안양시 만안구보건소,경기 안양시 만안구 안양동(안양6동) 532-1,안양시 만안구보건소,126.9327182,37.38588585,정좌표
236,236,경기,안양시,샘안양병원,경기도 안양시 만안구 삼덕로 9,안양시 만안구보건소,126.9245975,37.39330078,정좌표
237,237,경기,성남시,성남시분당구보건소,경기 성남시 분당구 야탑동(야탑1동) 349 분당보건소,성남시분당구보건소,127.1245725,37.41099226,정좌표
238,238,경기,성남시,분당차병원,경기도 성남시 분당구 야탑로 59(야탑동),성남시분당구보건소,127.1253275,37.4098024,정좌표
239,239,경기,성남시,분당제생병원,경기도 성남시 분당구서현로180번길20(서현동),성남시분당구보건소,127.1217784,37.3882042,정좌표
240,240,경기,성남시,성남시수정구보건소,경기 성남시 수정구 신흥동 3435 수정구보건소 218,성남시수정구보건소,127.1440617,37.44434398,정좌표
241,241,경기,성남시,성남시의료원,경기 성남시 수정구 수정로 171번길 10,성남시수정구보건소,127.1390574,37.44498406,정좌표
242,242,경기,성남시,순천의료재단 정병원,경기 성남시 수정구 수정로 76,성남시수정구보건소,127.129007,37.43986236,정좌표
243,243,경기,수원시,수원시권선구보건소,경기도 수원시 권선구 호매실로 22-50,수원시권선구보건소,126.9711296,37.25874327,정좌표
244,244,경기,시흥시,시흥시보건소,경기 시흥시 대야동 484-3 (호현로55),시흥시보건소,126.78533,37.44548239,정좌표
245,245,경기,시흥시,시흥시화병원,경기도 시흥시 군자천로 381,시흥시보건소,126.7369711,37.34995586,정좌표
246,246,경기,시흥시,신천연합병원,경기 시흥시 복지로 57,시흥시보건소,126.78957,37.44445228,정좌표
247,247,경기,시흥시,센트럴병원,경기 시흥시 공단1대로 237,시흥시보건소,126.7279832,37.33684455,정좌표
248,248,경기,시흥시,정왕보건지소,경기 시흥시 정왕대로233번길 19,시흥시보건소,126.7401524,37.34672014,정좌표
249,249,경기,안산시,안산시단원보건소,경기 안산시 단원구 초지동 666-8 안산시 단원보건소,안산시단원보건소,126.8151845,37.32085632,정좌표
250,250,경기,안산시 단원구,고려대학교안산병원,경기도 안산시 단원구 적금로 123,안산시단원보건소,126.8256273,37.3193802,정좌표
251,251,경기,안산시 단원구,의료법인대아의료재단한도병원,경기도 안산시 단원구 선부광장로 103,안산시단원보건소,126.8076197,37.33405533,정좌표
252,252,경기,안산시,안산시상록수보건소,경기 안산시 상록구 사1동  1584,안산시상록수보건소,126.8574791,37.32275536,인근좌표
253,253,경기,안산시,근로복지공단안산병원,경기 안산시 상록구  구룡로 87,안산시상록수보건소,126.8749603,37.31608828,정좌표
254,254,경기,안성시,안성시보건소,경기도 안성시 강변로 74번길 18(도기동),안성시보건소,127.2698169,37.0001939,정좌표
255,255,경기,안성시,경기도의료원 안성병원,경기도 안성시 남파로 95(당왕동),안성시보건소,127.2603666,37.0173533,정좌표
256,256,경기,안성시,안성성모병원,경기 안성시 시장길 58(서인동),안성시보건소,127.2708809,37.00612411,정좌표
257,257,경기,안양시,안양시 동안구보건소,경기 안양시 동안구 비산동 1111번지,안양시 동안구보건소,126.9514314,37.39251389,정좌표
258,258,경기,안양시,한림대학교성심병원,경기 안양시 동안구 관평로 170번길11,안양시 동안구보건소,126.9613063,37.39255764,정좌표
259,259,경기,양주시,양주시보건소,"경기 양주시 남방동(양주1동) 1-1 양주시보건소,양주시의회,양주시청 양주시보건소",양주시보건소,127.0453257,37.78498506,정좌표
260,260,경기,양평군,양평군보건소,경기 양평군 양평읍 양근리 마유산로 17번지,양평군보건소,127.486681,37.49703536,정좌표
261,261,경기,양평군,양평병원,경기도 양평군 양평읍 중앙로 129,양평군보건소,127.5031739,37.49428239,정좌표
262,262,경기,여주시,여주시보건소,경기 여주시 상동 358-3 여주시보건소,여주시보건소,127.6399718,37.29500429,인근좌표
263,263,경기,여주시,세종여주병원,경기도 여주시 청심로 39,여주시보건소,127.6253194,37.30148027,정좌표
264,264,경기,오산시,오산시보건소,경기도 오산시 오산동 25,오산시보건소,127.0778029,37.15944587,정좌표
265,265,경기,오산시,오산한국병원,경기 오산시 밀머리로1번길 16,오산시보건소,127.0755032,37.14133849,정좌표
266,266,경기,부천시,순천향대학교부속부천병원,경기도 부천시 조마루로 17,부천시보건소,126.7452352,37.50243065,인근좌표
267,267,경기,부천시,가톨릭대학교부천성모병원,경기도 부천시 소사로 327,부천시보건소,126.7927117,37.48672551,정좌표
268,268,경기,부천시,부천세종병원,경기도 부천시 호현로 489번길 28,부천시보건소,126.7913912,37.48140188,정좌표
269,269,경기,부천시,부천시보건소,"경기 부천시 길주로 486, 부천종합운동장 부설주차장 C동 1층",부천시보건소,126.7965357,37.50488007,정좌표
270,270,경기,의왕시,의왕시보건소,경기 의왕시 고천동  108,의왕시보건소,126.9720223,37.34418274,정좌표
271,271,경기,의왕시,아가페의료재단 시티병원,경기 의왕시 오전천로 29,의왕시보건소,126.9767948,37.35028053,정좌표
272,272,경기,의정부시,의정부시보건소,경기 의정부시 의정부2동 516 의정부시보건소 ,의정부시보건소,127.0395435,37.7360691,정좌표
273,273,경기,의정부시,경기도의료원의정부병원(응급실),경기 의정부시 흥선로 142,의정부시보건소,127.0424322,37.74093511,정좌표
274,274,경기,의정부시,가톨릭대학교 의정부 성모병원 ,경기 의정부시 천보로 271,의정부시보건소,127.0776372,37.75774765,정좌표
275,275,경기,의정부시,추병원,경기도 의정부시 평화로 650,의정부시보건소,127.0450765,37.75001147,정좌표
276,276,경기,의정부시,의정부백병원,경기도 의정부시 금신로  322,의정부시보건소,127.0619848,37.74523876,정좌표
277,277,경기,의정부시,의정부을지대학교병원,경기 의정부시 동일로 712(금오동),의정부시보건소,127.0533305,37.75294863,정좌표
278,278,경기,이천시,이천시보건소,경기 이천시 증포동 152-2,이천시보건소,127.4522698,37.28887062,정좌표
279,279,경기,이천시,경기도의료원이천병원,경기도 이천시 경충대로 2742,이천시보건소,127.4326128,37.28294177,정좌표
280,280,경기,고양시,일산서구보건소,경기 고양시 일산서구 일산동 일중로 54,일산서구보건소,126.7757611,37.68435317,정좌표
281,281,경기,고양시,인제대학교일산백병원,경기 고양시 일산서구 주화로 170,일산서구보건소,126.7503803,37.6742733,정좌표
282,282,경기,수원시,장안구보건소,경기 수원시 장안구 조원동 888번지,장안구보건소,127.010066,37.3037469,정좌표
283,283,경기,수원시,경기도의료원 수원병원,경기 수원시 장안구 수성로245번길 69,장안구보건소,126.9968343,37.29235101,정좌표
284,284,경기,성남시,성남시중원구보건소,경기 성남시 중원구 상대원1동 269-10,성남시중원구보건소,127.1705874,37.44196284,정좌표
285,285,경기,성남시,성남중앙병원,경기 성남시 중원구 산성대로 476번길 12,성남시중원구보건소,127.1620092,37.45295694,정좌표
286,286,경기,용인시,처인구보건소,경기 용인시 처인구 삼가동 556,처인구보건소,127.1774923,37.2408339,정좌표
287,287,경기,용인시,영문의료재단 다보스병원,경기 용인시 처인구 백옥대로 1082번길 18,처인구보건소,127.211398,37.23154136,정좌표
288,288,경기,용인시,용인서울병원,경기도 용인시 처인구 고림로 81 ,처인구보건소,127.2144904,37.24031727,정좌표
289,289,경기,파주시,파주시보건소,경기 파주시 금촌동(금촌1동) 953-1 파주시보건소 ,파주시보건소,126.7737783,37.75628294,정좌표
290,290,경기,파주시,경기도의료원 파주병원,경기도 파주시 중앙로 207,파주시보건소,126.7796355,37.75488001,정좌표
291,291,경기,파주시,메디인병원,경기도 파주시 시청로 6,파주시보건소,126.7748538,37.75804466,정좌표
292,292,경기,수원시,팔달구보건소,경기 수원시 팔달구 교동 56-1번지,팔달구보건소,127.0123968,37.27144033,정좌표
293,293,경기,수원시,성빈센트 병원,경기도 수원시 팔달구 중부대로 93 (지동),팔달구보건소,127.0274499,37.27792307,정좌표
294,294,경기,수원시,동수원 병원,경기도 수원시 팔달구 중부대로 165 (우만동),팔달구보건소,127.0339069,37.27863941,정좌표
295,295,경기,평택시,평택시평택보건소,경기 평택시 비전동 850(평택5로 56),평택시평택보건소,127.1118214,36.99079625,정좌표
296,296,경기,평택시,의료법인 백송의료재단 굿모닝병원,경기도 평택시 중앙로 338,평택시평택보건소,127.1202342,36.99083919,정좌표
297,297,경기,평택시,의료법인 박애의료재단 박애병원,경기도 평택시 평택2로20번길 3 ,평택시평택보건소,127.0890781,36.99306222,정좌표
298,298,경기,평택시,의료법인 양진의료재단 평택성모병원,경기도 평택시 평택로 284,평택시평택보건소,127.0743384,37.00840797,정좌표
299,299,경기,평택시,평택시안중보건지소,"경기도 평택시 안중읍 안현로4, 9길 24",평택시평택보건소,126.9175503,36.95728324,인근좌표
300,300,경기,포천시,포천시보건소,경기 포천시 신읍동 164-3 (포천시보건소),포천시보건소,127.2011771,37.90069961,정좌표
301,301,경기,포천시,경기도의료원 포천병원,경기도 포천시 포천로 1648,포천시보건소,127.1985101,37.90263085,정좌표
302,302,경기,하남시,하남시보건소,경기도 하남시 신장2동 520,하남시보건소,127.2146534,37.53910248,정좌표
303,303,경기,화성시,화성시보건소,경기 화성시 향남읍 3.1만세로 1055,화성시보건소,126.9045419,37.12911674,정좌표
304,304,경기,화성시,원광종합병원,경기 화성시 화산북로 21 ,화성시보건소,127.0080362,37.21006237,정좌표
305,305,경기,화성시,화성중앙종합병원,경기 화성시 향남읍 발안로 5,화성시보건소,126.9108029,37.13153793,정좌표
306,306,경기,화성시,한림대학교동탄성심병원,경기 화성시 큰재봉길 7,화성시보건소,127.07995,37.21651383,정좌표
307,307,경기,화성시,화성디에스병원,경기도 화성시 남양읍 시청로160번길 46-13,화성시보건소,126.8257103,37.19923251,정좌표
308,308,경기,화성시,화성시보건소(동탄글로브월),경기 화성시 동탄 산단7길 60,화성시보건소,127.0865631,37.17687628,정좌표
309,309,경기,수원시,영통구보건소,경기 수원시 영통구 영통동 영통로 396,영통구보건소,127.0697099,37.25688124,정좌표
310,310,경기,수원시,아주대학교병원,수원시 영통구 월드컵로164,영통구보건소,127.04752,37.27944714,정좌표
311,311,경기,평택시,평택시송탄보건소,경기 평택시 서정동 산 12(서정로 295),평택시송탄보건소,127.0660393,37.06619131,정좌표
312,312,경기,평택시,박병원,경기 평택시 송탄로 33,평택시송탄보건소,127.0571718,37.04812532,정좌표
313,313,경기,고양시,일산동구보건소,경기 고양시 일산동구 마두동 1010번지,일산동구보건소,126.7758878,37.656387,정좌표
314,314,경기,고양시,국민건강보험공단일산병원,경기 고양시 일산동구 일산로100,일산동구보건소,126.7930404,37.64547577,정좌표
315,315,경기,고양시,동국대학교일산불교병원,경기 고양시 일산동구 동국로 27(식사동),일산동구보건소,126.8070138,37.67628828,정좌표
316,316,경기,고양시,일산복음병원,경기도 고양시 일산동구 고양대로760,일산동구보건소,126.7803276,37.68183598,정좌표
317,317,경기,용인시,수지구보건소,경기도 용인시 수지구 포은대로 435 ,수지구보건소,127.0974472,37.32222161,정좌표
318,318,경기,남양주시,남양주풍양보건소,"경기 남양주시 진접읍 금곡리 1085, 풍양보건소",남양주풍양보건소,127.1888925,37.71138385,정좌표
319,319,경기,남양주시,남양주한양병원,경기도 남양주시 오남읍 양지로 47-55 ,남양주풍양보건소,127.2045682,37.68272334,정좌표
320,320,경기,남양주시,현대병원,경기도 남양주시 진접읍 봉현로 21 ,남양주풍양보건소,127.1799031,37.71543701,정좌표
321,321,경기,연천군,연천군보건의료원,경기 연천군 전곡읍 은대리 577-36,연천군보건의료원,127.0606426,38.02329909,정좌표
322,322,강원,강릉시,강릉시보건소,"강원 강릉시 내곡동 413 강릉시보건소, 가동 강릉시보건소",강릉시보건소,128.8827901,37.7428172,정좌표
323,323,강원,강릉시,강릉아산병원,강원 강릉시 방동길 38,강릉시보건소,128.8578311,37.81840395,정좌표
324,324,강원,강릉시,강릉동인병원,강원 강릉시 강릉대로419번길 42,강릉시보건소,128.9078825,37.77457864,정좌표
325,325,강원,강릉시,강릉고려병원,강원 강릉시 옥가로 30,강릉시보건소,128.8998652,37.75901365,정좌표
326,326,강원,강릉시,강릉의료원,강원 강릉시 경강로 2007,강릉시보건소,128.4379029,37.60694555,정좌표
327,327,강원,고성군,고성군보건소,강원 고성군 간성읍 수성로 30,고성군보건소,128.4721388,38.37761481,정좌표
328,328,강원,동해시,동해시보건소,강원 동해시 천곡동 840 보건소 동해시보건소,동해시보건소,129.1170454,37.52283044,정좌표
329,329,강원,동해시,의료법인 동해동인병원,강원 동해시 하평로 26,동해시보건소,129.1078035,37.5302454,정좌표
330,330,강원,동해시,근로복지공단 동해병원,강원 동해시 하평로 11,동해시보건소,129.1053023,37.53169443,정좌표
331,331,강원,삼척시,삼척시보건소,강원 삼척시 남양동 347-4,삼척시보건소,129.1723378,37.44377269,정좌표
332,332,강원,삼척시,강원도 삼척의료원,강원도 삼척시 오십천로 418,삼척시보건소,129.1631429,37.43996358,정좌표
333,333,강원,속초시,속초시보건소,강원 속초시 동해대로 4229(생활체육관 주차장 내),속초시보건소,128.5770584,38.19663405,정좌표
334,334,강원,속초시,강원도속초의료원,강원 속초시 영랑호반길 3,속초시보건소,128.5879182,38.21606335,정좌표
335,335,강원,속초시,속초보광병원,강원 속초시 중앙로 11 ,속초시보건소,128.5783582,38.19803704,정좌표
336,336,강원,양구군,양구군보건소,강원 양구군 양구읍 하리 34-5 양구군보건소,양구군보건소,127.9899648,38.1099227,정좌표
337,337,강원,양구군,양구성심병원,강원 양구군 양구읍 중심로 160 ,양구군보건소,127.9912082,38.10471841,정좌표
338,338,강원,양양군,양양군보건소,강원 양양군 양양읍 연창리 203-5 양양군보건소 양양군보건소,양양군보건소,128.627367,38.07788229,정좌표
339,339,강원,영월군,영월군보건소,강원 영월군 영월읍 하송로 44 영월군보건소 ,영월군보건소,128.4636228,37.18437644,정좌표
340,340,강원,영월군,영월의료원,강원 영월군 영월읍 중앙1로 59 영월의료원,영월군보건소,128.4652333,37.18676884,정좌표
341,341,강원,원주시,원주시보건소,강원 원주시 일산동 211,원주시보건소,127.9467829,37.35157455,정좌표
342,342,강원,원주시,연세대학교 원주세브란스기독병원,강원 원주시 일산로 20,원주시보건소,127.9467253,37.34912031,정좌표
343,343,강원,원주시,원주의료원,강원 원주시 서원대로 387,원주시보건소,127.9490085,37.33319891,정좌표
344,344,강원,인제군,인제군보건소,강원 인제군 인제읍 인제로140번길 34,인제군보건소,128.1689448,38.06361536,정좌표
345,345,강원,정선군,정선군보건소,강원 정선군 정선읍 녹송로 33,정선군보건소,128.6714873,37.38009485,정좌표
346,346,강원,정선군,근로복지공단정선병원,강원도 정선군 정선읍 봉양1길 146,정선군보건소,128.6591553,37.38278753,인근좌표
347,347,강원,정선군,정선군립병원,강원도 정선군 사북읍 지장천로 727,정선군보건소,128.8265044,37.22576396,정좌표
348,348,강원,철원군,철원군보건소,강원 철원군 갈말읍 군탄리 960-2,철원군보건소,127.3028291,38.14820402,정좌표
349,349,강원,철원군,철원병원,강원도 철원군 갈말읍 명성로 208,철원군보건소,127.3084477,38.15015677,정좌표
350,350,강원,춘천시,춘천시보건소,강원 춘천시 중앙로3가 67,춘천시보건소,127.7204962,37.87561496,정좌표
351,351,강원,춘천시,강원대학교병원,강원 춘천시 백령로 156,춘천시보건소,127.7439332,37.87434606,정좌표
352,352,강원,춘천시,한림대학교춘천성심병원,강원도 춘천시 삭주로 77,춘천시보건소,127.7408076,37.88413284,정좌표
353,353,강원,태백시,태백시보건소,강원 태백시 황지동 20-8,태백시보건소,128.9924486,37.17653977,정좌표
354,354,강원,태백시,근로복지공단태백병원,강원도 태백시 보드미길8,태백시보건소,129.0034734,37.1042575,정좌표
355,355,강원,홍천군,홍천군보건소,강원 홍천군 홍천읍 희망리 350 홍천군보건소,홍천군보건소,127.876795,37.6901099,정좌표
356,356,강원,홍천군,홍천아산병원,강원 홍천군 산림공원 1길 17,홍천군보건소,127.895432,37.69110576,정좌표
357,357,강원,횡성군,횡성군보건소,강원 횡성군 횡성읍 읍하리 598 횡성보건소,횡성군보건소,127.9843436,37.48718543,정좌표
358,358,강원,횡성군,횡성대성병원,강원도 횡성군 횡성읍 횡성로275,횡성군보건소,127.9799376,37.47841708,정좌표
359,359,강원,평창군,평창군보건의료원,강원 평창군 평창읍 노성로 11 평창군보건의료원,평창군보건의료원,128.390752,37.36894476,정좌표
360,360,강원,화천군,화천군보건의료원,강원 화천군 화천읍 강변로 111,화천군보건의료원,127.7091205,38.10734133,정좌표
361,361,충북,괴산군,괴산군보건소,충북 괴산군 괴산읍 동부리 641 괴산군보건소,괴산군보건소,127.7963321,36.80794829,정좌표
362,362,충북,괴산군,괴산성모병원,충북 괴산군 괴산읍 임꺽정로 116,괴산군보건소,127.7842804,36.81542069,정좌표
363,363,충북,단양군,단양군보건소,충북 단양군 단양읍 삼봉로 53,단양군보건소,128.3502768,36.98164082,정좌표
364,364,충북,단양군,단양군립노인요양병원,충북 단양군 단양읍 별곡6길 10,단양군보건소,128.3684483,36.98697294,정좌표
365,365,충북,보은군,보은군보건소,충북 보은군 보은읍 동광길 50,보은군보건소,127.7161841,36.4864566,정좌표
366,366,충북,보은군,보은한양병원,충북 보은군 보은읍 보은로 102,보은군보건소,127.7183713,36.48333679,정좌표
367,367,충북,영동군,영동군보건소,충북 영동군 영동읍 매천리 444-1,영동군보건소,127.7761148,36.16854025,정좌표
368,368,충북,영동군,영동병원,충북 영동군 영동읍 대학로 106,영동군보건소,127.7811185,36.18544117,정좌표
369,369,충북,옥천군,옥천군보건소,"충북 옥천군 옥천읍 삼양로 8길 10, 옥천군보건소",옥천군보건소,127.5703364,36.30431997,정좌표
370,370,충북,옥천군,옥천성모병원,충북 옥천군 옥천읍 성왕로 1195,옥천군보건소,127.5716626,36.31352065,정좌표
371,371,충북,음성군,음성군보건소,충북 음성군 음성읍 읍내리 406-4,음성군보건소,127.6888172,36.92853227,정좌표
372,372,충북,음성군,금왕태성병원,충북 음성군 금왕읍 음성로1230번길 10   ,음성군보건소,127.5985471,36.99752654,정좌표
373,373,충북,제천시,제천시보건소,충청북도 제천시 청전동 110,제천시보건소,128.2158618,37.14896293,정좌표
374,374,충북,제천시,제천 서울병원,충청북도 제천시 숭문로 57,제천시보건소,128.2056668,37.13874511,정좌표
375,375,충북,제천시,명지병원(제천),충북 제천시 내토로 991,제천시보건소,128.233576,37.16355688,정좌표
376,376,충북,증평군,증평군보건소,충북 증평군 증평읍 내성리 57-2 증평군보건소,증평군보건소,127.5866087,36.77437895,정좌표
377,377,충북,진천군,진천군보건소,충북 진천군 진천읍 벽암리 570 진천군보건소 본관,진천군보건소,127.4395197,36.86055485,정좌표
378,378,충북,진천군,건명의료재단 진천성모병원,충북 진천읍 중앙북로 36,진천군보건소,127.4407308,36.85824541,정좌표
379,379,충북,청주시,청주시상당보건소,충청북도 청주시 상당구 남일면 단재로 480,청주시상당보건소,127.5047657,36.58807708,정좌표
380,380,충북,청주시,청주한국병원,충청북도 청주시 상당구 단재로 106,청주시상당보건소,127.496127,36.62016387,정좌표
381,381,충북,청주시,청주효성병원,충청북도 청주시 상당구 쇠내로 16,청주시상당보건소,127.4956207,36.62432545,정좌표
382,382,충북,청주시,청주시흥덕보건소,충북 청주시 흥덕구 비하동(강서제1동) 792 흥덕구 보건소 흥덕보건소,청주시흥덕보건소,127.4265135,36.63007894,정좌표
383,383,충북,청주시,한마음의료재단하나병원,충북 청주시 흥덕구 2순환로 1262,청주시흥덕보건소,127.4301931,36.62359289,정좌표
384,384,충북,청주시,베스티안병원,충청북도 흥덕구 오송읍 오송생명1로 191,청주시흥덕보건소,127.3216409,36.63642987,정좌표
385,385,충북,청주시,청주시서원보건소,충북 청주시 서원구 사직동(사직1동) 888 서원구청 지하1층 서원보건소,청주시서원보건소,127.4698547,36.63723966,정좌표
386,386,충북,청주시,충청북도 청주의료원,충북 청주시 서원구 흥덕로 48,청주시서원보건소,127.4740206,36.64066119,정좌표
387,387,충북,충주시,충주시보건소,충북 충주시 문화동 1655 충주시 건강복지타운 충주시 보건소,충주시보건소,127.9279788,36.97126553,정좌표
388,388,충북,충주시,건국대학교충주병원,충북 충주시 국원대로82,충주시보건소,127.9288117,36.9790143,정좌표
389,389,충북,충주시,충주의료원,충북 충주시 안림로239-50,충주시보건소,127.9704035,36.97931427,정좌표
390,390,충북,청주시,청주시청원보건소,충청북도 청주시 청원구 오창읍 각리 639-1,청주시청원보건소,127.4311274,36.71008481,정좌표
391,391,충북,청주시,청주성모병원,충북 청주시 청원구 주성로173-19,청주시청원보건소,127.4863346,36.67422139,정좌표
392,392,충남,계룡시,계룡시보건소,충남 계룡시 금암동 10-5 계룡시보건소,계룡시보건소,127.2501834,36.27311576,정좌표
393,393,충남,공주시,공주시보건소,충청남도 공주시 봉황로 123,공주시보건소,127.1206565,36.4571175,정좌표
394,394,충남,공주시,공주의료원,충청남도 공주시 무령로 77,공주시보건소,127.1094953,36.45887779,정좌표
395,395,충남,금산군,금산군보건소,충남 금산군 금산읍 중도리 203-1  금산군보건소,금산군보건소,127.4914857,36.1129851,정좌표
396,396,충남,논산시,논산시보건소,충남 논산시 관촉동(취암동) 327-2,논산시보건소,127.1025329,36.19557221,정좌표
397,397,충남,논산시,의료법인백제병원,충남 논산시 시민로294번길 14,논산시보건소,127.0938883,36.19196805,정좌표
398,398,충남,당진시,당진시보건소,충청남도 당진시 시청1로,당진시보건소,126.6423504,36.89101843,인근좌표
399,399,충남,당진시,당진종합병원,충남 당진시 반촌로 5-15,당진시보건소,126.6837884,36.90453081,정좌표
400,400,충남,보령시,보령시보건소,충남 보령시 남포면 보령남로 234,보령시보건소,126.6015589,36.32438398,정좌표
401,401,충남,보령시,보령아산병원,충남 보령시 죽성로 136,보령시보건소,126.6230483,36.38075379,정좌표
402,402,충남,부여군,부여군보건소,충청남도 부여군 부여읍 구아리 137-2,부여군보건소,126.9095752,36.2830541,인근좌표
403,403,충남,부여군,건양대학교 부여병원,충남 부여군 부여읍 계백로 200,부여군보건소,126.9017164,36.27558576,정좌표
404,404,충남,부여군,성요셉연합의원,충남 부여군 부여읍 사비로 78,부여군보건소,126.9110083,36.27951084,정좌표
405,405,충남,서산시,서산시보건소,충남 서산시 예천동(석남동) 496-1 서산시보건소,서산시보건소,126.4445204,36.77439926,정좌표
406,406,충남,서산시,충청남도서산의료원,충청남도 서산시 중앙로 149,서산시보건소,126.4657686,36.77569464,정좌표
407,407,충남,서천군,서천군보건소,충남 서천군 서천읍 군사리 799 서천군보건소,서천군보건소,126.6896578,36.08221002,정좌표
408,408,충남,서천군,서해병원,충남 서천군 서천읍 서천로 184,서천군보건소,126.6876019,36.08451509,정좌표
409,409,충남,아산시,아산시보건소,충남 아산시 남부로 370-24,아산시보건소,127.020723,36.76817537,정좌표
410,410,충남,아산시,아산충무병원,충남 아산시 문화로 381 ,아산시보건소,127.0196338,36.77910236,정좌표
411,411,충남,아산시,현대병원,충남 아산시 시민로 388,아산시보건소,127.0010134,36.78310142,정좌표
412,412,세종,세종특별자치시,세종특별자치시보건소,세종특별자치시 조치원읍 대첩로 32,세종특별자치시보건소,127.2926926,36.59589216,정좌표
413,413,세종,세종특별자치시,세종 충남대학교병원,세종특별자치시 세종시 보듬7로20 세종충남대학교병원,세종특별자치시보건소,127.2579429,36.51951402,정좌표
414,414,충남,예산군,예산군보건소,충남 예산군 예산읍 군청로 22 ,예산군보건소,126.8456422,36.68124086,정좌표
415,415,충남,예산군,예산종합병원,충남 예산군 예산읍 금오대로 94,예산군보건소,126.8379881,36.69104147,정좌표
416,416,충남,천안시,천안시서북구보건소,충남 천안시 서북구 번영로 156 천안시청(봉서홀 아래 필로티),천안시서북구보건소,127.1130398,36.81611909,정좌표
417,417,충남,천안시,의료법인 영서의료재단 천안충무병원,충청남도 천안시 서북구 다가말3길 8,천안시서북구보건소,127.1314905,36.79741817,정좌표
418,418,충남,천안시,학교법인동은학원 순천향대학교부속천안병원,충청남도 천안시 동남구 순천향6길 31,천안시서북구보건소,127.1351647,36.80280675,정좌표
419,419,충남,천안시,충청남도천안의료원,충청남도 천안시 동남구 충절로 537,천안시서북구보건소,127.1792758,36.7754886,정좌표
420,420,충남,천안시,단국대학교의과대학부속병원,충남 천안시 동남구 망향로 201 ,천안시서북구보건소,127.1721687,36.84230631,정좌표
421,421,충남,천안시,천안우리병원,충청남도 천안시 동남구 남부대로 350 (청당동,천안시서북구보건소,127.155714,36.78104568,정좌표
422,422,충남,천안시,천안시동남구보건소,충남 천안시 버들로34,천안시동남구보건소,127.1512748,36.80745148,정좌표
423,423,충남,홍성군,홍성군보건소,충남 홍성군 홍성읍 오관리 474-7 홍성군보건소,홍성군보건소,126.6625968,36.59695427,인근좌표
424,424,충남,홍성군,홍성의료원,충남 홍성군 홍성읍 조양로 224,홍성군보건소,126.6745757,36.59886753,정좌표
425,425,충남,청양군,청양군보건의료원,충남 청양군 청양읍 칠갑산로 7길 54,청양군보건의료원,126.8049362,36.45501472,정좌표
426,426,충남,태안군,태안군보건의료원,충남 태안군 태안읍 평천리 698-6,태안군보건의료원,126.32289,36.75212891,정좌표
427,427,전북,고창군,고창군보건소,전북 고창군 고창읍 율계리 101(전봉준로 90),고창군보건소,126.6832602,35.44359088,정좌표
428,428,전북,고창군,고창병원,전북 고창군 고창읍 화신1길 9,고창군보건소,126.6934283,35.43663849,정좌표
429,429,전북,군산시,군산시보건소,전북 군산시 수송동 851-1,군산시보건소,126.7202063,35.9646839,정좌표
430,430,전북,군산시,군산의료원,전라북도 군산시 의료원로27,군산시보건소,126.7119186,35.95493092,정좌표
431,431,전북,군산시,동군산병원,전라북도 군산시 149,군산시보건소,126.7471113,35.93501539,인근좌표
432,432,전북,김제시,김제시보건소,전북 김제시 요촌동 423-2,김제시보건소,126.8833131,35.80076805,정좌표
433,433,전북,남원시,남원시보건소,전북 남원시 조산동(금동) 455 남원시보건소,남원시보건소,127.3638954,35.39736489,정좌표
434,434,전북,남원시,남원의료원,전북 남원시 충정로 365 ,남원시보건소,127.40584,35.43302012,정좌표
435,435,전북,부안군,부안군보건소,전북 부안군 부안읍 봉덕리 551-2,부안군보건소,126.7358183,35.72293072,정좌표
436,436,전북,부안군,부안성모병원,전북 부안군 부안읍 오정2길 24,부안군보건소,126.7347701,35.72453588,정좌표
437,437,전북,완주군,완주군보건소,전북 완주군 삼례읍 삼봉8로 10-10 완주군보건소 ,완주군보건소,127.1222667,35.92146757,정좌표
438,438,전북,익산시,익산시보건소,전북 익산시 무왕로 975 ,익산시보건소,126.9664713,35.96098588,정좌표
439,439,전북,익산시,원광대학교병원,전북 익산시 무왕로 895,익산시보건소,126.9596717,35.96437472,정좌표
440,440,전북,익산시,익산병원,전북 익산시 무왕로 969,익산시보건소,126.9665516,35.96172671,정좌표
441,441,전북,전주시,대자인병원,전북 전주시 덕진구 견훤로 390,전주시 보건소,127.1533154,35.84599082,정좌표
442,442,전북,전주시,전주병원,전북 전주시 완산구 한두평3길 13,전주시 보건소,127.1247634,35.81516453,정좌표
443,443,전북,전주시,호성전주병원,전북 전주시 덕진구 동부대로 895,전주시 보건소,127.1478979,35.86546113,정좌표
444,444,전북,전주시,덕진선별진료소,전북 전주시 덕진구 벚꽃로 55,전주시 보건소,127.1343383,35.82940233,정좌표
445,445,전북,전주시,화산선별진료소,전북 전주시 완산구 백제대로 310,전주시 보건소,127.124575,35.82094105,정좌표
446,446,전북,정읍시,정읍시보건소,전북 정읍시 수성동 958-2,정읍시보건소,126.8545307,35.57796923,정좌표
447,447,전북,정읍시,정읍아산병원,전북 정읍시 충정로 606-22 ,정읍시보건소,126.8225692,35.58947124,정좌표
448,448,전북,진안군,진안군보건소,전북 진안군 진안읍 군상리 90-15 진안보건소 진안군보건소,진안군보건소,127.4347975,35.79718605,정좌표
449,449,전북,진안군,진안군의료원,전북 진안군 진안읍 진무로 1145,진안군보건소,127.4320393,35.79510967,정좌표
450,450,전북,무주군,무주군보건의료원,전북 무주군 무주읍 당산리 701 ,무주군보건의료원,127.6717174,36.00563757,정좌표
451,451,전북,순창군,순창군보건의료원,전북 순창군 순창읍 교성로 135,순창군보건의료원,127.1439012,35.36650074,정좌표
452,452,전북,임실군,임실군보건의료원,전북 임실군 임실읍 이도리 270-8 임실군 보건의료원 (270-8번지),임실군보건의료원,127.2870787,35.61269793,정좌표
453,453,전북,장수군,장수군보건의료원,전북 장수군 장수읍 장수리 425 장수보건의료원,장수군보건의료원,127.5198475,35.65431986,정좌표
454,454,전남,강진군,강진군보건소,전남 강진군 강진읍 목리 11,강진군보건소,126.7810834,34.63610196,인근좌표
455,455,전남,강진군,강진의료원,전남 강진군 강진읍 탐진로 5,강진군보건소,126.7581408,34.63749931,정좌표
456,456,전남,고흥군,고흥군보건소,전라남도 고흥군 고흥읍 등암리 1258-21번지,고흥군보건소,127.2687121,34.59241711,정좌표
457,457,전남,고흥군,고흥종합병원,전남 고흥군 고흥읍 고흥로 1935,고흥군보건소,127.2933967,34.62066202,정좌표
458,458,전남,고흥군,녹동현대병원,전남 고흥군 도양읍 차경구렁목길 215,고흥군보건소,127.1457197,34.54624084,정좌표
459,459,전남,광양시,광양시보건소,"전남 광양시 광양읍 인덕로 1100, 광양시보건소",광양시보건소,127.5822724,34.98079611,정좌표
460,460,전남,광양시,광양사랑병원,전라남도 광양시 공영로 71,광양시보건소,127.6971529,34.93616264,정좌표
461,461,전남,나주시,나주시보건소,전남 나주시 이창동 740-1 ,나주시보건소,126.7082931,34.9951824,정좌표
462,462,전남,나주시,나주종합병원,전남 나주시 영산로 5419,나주시보건소,126.7210465,35.03675652,정좌표
463,463,전남,담양군,담양군보건소,전남 담양군 담양읍 만성리 135,담양군보건소,126.9813444,35.32494297,정좌표
464,464,전남,담양군,담양 사랑병원,전남 담양군 담양읍 천변7길 19,담양군보건소,126.9828425,35.31521955,정좌표
465,465,전남,목포시,목포시보건소,전남 목포시 산정동 1676 ,목포시보건소,126.3737884,34.80416521,정좌표
466,466,전남,목포시,목포한국병원,전남 목포시 영산로 483,목포시보건소,126.4162629,34.80905517,정좌표
467,467,전남,목포시,목포기독병원,전남 목포시 백년대로 303,목포시보건소,126.420556,34.80449232,정좌표
468,468,전남,목포시,목포중앙병원,전남 목포시 영산로 627,목포시보건소,126.4215956,34.82172314,정좌표
469,469,전남,목포시,목포시의료원,전남 목포시 이로로 18,목포시보건소,126.4051551,34.8038531,정좌표
470,470,전남,목포시,세안종합병원,전남 목포시 고하대로 795-2,목포시보건소,126.3802241,34.81692541,정좌표
471,471,전남,목포시,전남중앙병원,전남 목포시 고하대로 724,목포시보건소,126.3760145,34.81045063,정좌표
472,472,전남,무안군,무안군보건소,전남 무안군 무안읍 성동리 712-1,무안군보건소,126.4814079,34.99055925,정좌표
473,473,전남,무안군,대송의료재단 무안병원,전남 무안군 무안읍 몽탄로 65,무안군보건소,126.4893529,34.99169664,정좌표
474,474,전남,보성군,보성군보건소,전남 보성군 보성읍 보성리 827,보성군보건소,127.0792744,34.77010503,정좌표
475,475,전남,보성군,보성아산병원,전라남도 보성군 미력면 가평길 36-17,보성군보건소,127.1045335,34.77588636,정좌표
476,476,전남,보성군,벌교삼호병원,전남 보성군 벌교읍 남하로 12,보성군보건소,127.3462362,34.83355648,정좌표
477,477,전남,순천시,순천시보건소,전남 순천시 석현동 36-1,순천시보건소,127.4853997,34.96654522,정좌표
478,478,전남,순천시,순천 성가롤로병원,전라남도 순천시 순광로 221,순천시보건소,127.5441251,34.96524836,정좌표
479,479,전남,순천시,순천의료원,전라남도 순천시 서문성터길 2,순천시보건소,127.4838456,34.95777871,정좌표
480,480,전남,순천시,순천병원,전라남도 순천시 조례1길 24(조례동),순천시보건소,127.52519,34.96189258,정좌표
481,481,전남,신안군,신안군보건소,전남 신안군 압해읍 천사로 1004,신안군보건소,126.351425,34.83360226,정좌표
482,482,전남,여수시,여수시보건소,전남 여수시 학동 213 여수시 보건소,여수시보건소,127.6607238,34.75935747,정좌표
483,483,전남,여수시,여천전남병원,전남  여수시 무선로 95,여수시보건소,127.6542287,34.76902739,정좌표
484,484,전남,여수시,여수전남병원,"전남 여수시 좌수영로 49(광무동,전남병원)",여수시보건소,127.7277735,34.74499687,정좌표
485,485,전남,여수시,여수한국병원,전남 여수시 여천체육공원길 10,여수시보건소,127.6750945,34.76124154,정좌표
486,486,전남,여수시,여수제일병원,전남 여수시 쌍봉로 70,여수시보건소,127.6635403,34.76597282,정좌표
487,487,전남,영광군,영광군보건소,전라남도 영광군 영광읍 남천리 326-5,영광군보건소,126.5041782,35.27447858,정좌표
488,488,전남,영광군,영광종합병원,전남 영광군 영광읍 와룡로 3,영광군보건소,126.4989876,35.2845509,정좌표
489,489,전남,영광군,영광기독병원,전남 영광군 영광읍 신남로 265,영광군보건소,126.5110362,35.27499551,정좌표
490,490,전남,영암군,영암군보건소,전남 영암군 영암읍 춘양리 525 영암군보건소 ,영암군보건소,126.7040754,34.79500867,정좌표
491,491,전남,장흥군,장흥군보건소,전남 장흥군 장흥읍 흥성로 49,장흥군보건소,126.9083332,34.67646907,정좌표
492,492,전남,장흥군,장흥종합병원,전남 장흥군 장흥읍 흥성로 92,장흥군보건소,126.912477,34.67840755,정좌표
493,493,전남,진도군,진도군보건소,전남 진도군 진도읍 남동리 776-26번지,진도군보건소,126.2629038,34.4802504,정좌표
494,494,전남,진도군,진도한국병원,전라남도 진도군 남문길 48,진도군보건소,126.2641438,34.48240816,정좌표
495,495,전남,함평군,함평군보건소,전남 함평군 함평읍 기각리 253,함평군보건소,126.5242396,35.06215939,정좌표
496,496,전남,함평군,함평성심병원,전남 함평군 함평읍 영수길 132,함평군보건소,126.5199551,35.0619563,정좌표
497,497,전남,해남군,해남군보건소,전라남도 해남군 해남읍 해남로 46,해남군보건소,126.6120435,34.57046092,정좌표
498,498,전남,해남군,해남종합병원,전라남도 해남군 해남읍 해남로 45,해남군보건소,126.6132298,34.57212664,정좌표
499,499,전남,해남군,해남우리종합병원,전라남도 해남군 옥천면 해남로 597,해남군보건소,126.646605,34.58458913,정좌표
500,500,전남,화순군,화순군보건소,전남 화순군 화순읍 삼천리 719번지,화순군보건소,126.9822623,35.0573502,정좌표
501,501,전남,화순군,전남화순대학교병원,전남 화순군 화순읍 서양로 322,화순군보건소,127.0032199,35.06117757,정좌표
502,502,전남,화순군,화순성심병원,전남 화순군 화순읍 만연로 31,화순군보건소,126.9898801,35.05843957,정좌표
503,503,전남,곡성군,곡성군보건의료원,전라남도 곡성군 곡성읍 곡성로 854,곡성군보건의료원,127.2969041,35.27886634,정좌표
504,504,전남,곡성군,곡성사랑병원,전남 곡성군 곡성읍 곡성로 761,곡성군보건의료원,127.2884116,35.27625705,정좌표
505,505,전남,구례군,구례군보건의료원,전남 구례군 구례읍 동편제길 30,구례군보건의료원,127.4615362,35.21633383,정좌표
506,506,전남,구례군,구례병원,전남 구례군 구례읍 동편제길 4,구례군보건의료원,127.463944,35.21591978,정좌표
507,507,전남,완도군,완도군보건의료원,전남 완도군 완도읍 죽청리 483-8 완도보건의료원 본관,완도군보건의료원,126.7313161,34.33624155,정좌표
508,508,전남,완도군,대성병원,전남 완도군 완도군읍 청해진동로 63,완도군보건의료원,126.7354344,34.31648771,정좌표
509,509,전남,장성군,장성군보건소,전남 장성군 장성읍 청운 11길 13,장성군보건소,126.782454,35.30454179,정좌표
510,510,전남,장성군,장성병원,전남 장성군 장성읍 역전로 171,장성군보건소,126.7832143,35.30602054,정좌표
511,511,경북,경산시,경산시보건소,경상북도 경산시 중방동 708-5 (경산시보건소),경산시보건소,128.743073,35.82478623,정좌표
512,512,경북,경산시,경산중앙병원,경북 경산시 경안로 11,경산시보건소,128.7401291,35.80931709,정좌표
513,513,경북,경산시,세명병원,경북 경산시 경안로 208,경산시보건소,128.7375234,35.82612414,정좌표
514,514,경북,경주시,경주시보건소,경북 경주시 황성공원로 30(황성동),경주시보건소,129.2119758,35.85998083,정좌표
515,515,경북,경주시,동국대 경주병원,경북 경주시 동대로 87  ,경주시보건소,129.1965608,35.85831652,정좌표
516,516,경북,고령군,고령군보건소,경북 고령군 대가야읍 지산리 232-8 고령군보건소,고령군보건소,128.2648517,35.72504392,정좌표
517,517,경북,고령군,고령영생병원,경북 고령군 대가야읍 중앙로33,고령군보건소,128.272263,35.73014963,정좌표
518,518,경북,구미시,구미보건소,경북 구미시 선산대로 111,구미보건소,128.345954,36.13993542,정좌표
519,519,경북,구미시,순천향대학교구미병원,경상북도 구미시 1공단로 179,구미보건소,128.3828305,36.1034092,정좌표
520,520,경북,구미시,구미차병원,경상북도 구미시 신시로10길 12 ,구미보건소,128.3407085,36.11459837,정좌표
521,521,경북,구미시,구미강동병원,경북 구미시 인동20길 46,구미보건소,128.4227834,36.09620449,정좌표
522,522,경북,군위군,군위군보건소,경북 군위군 군위읍 군청로 70 군위군보건소 ,군위군보건소,128.5699041,36.22965947,정좌표
523,523,경북,김천시,김천시보건소,경북 김천시 신음동 1284 ,김천시보건소,128.1137664,36.13987125,정좌표
524,524,경북,김천시,김천제일병원,경북 김천시 신음1길 12 ,김천시보건소,128.1188234,36.13545289,정좌표
525,525,경북,김천시,김천의료원,경북 김천시 모암길 24 ,김천시보건소,128.1265921,36.12251806,정좌표
526,526,경북,문경시,문경시보건소,경북 문경시 점촌동(점촌1동) 232 문경시보건소,문경시보건소,128.1975662,36.59624504,정좌표
527,527,경북,문경시,문경제일병원,경북 문경시 당교3길 25,문경시보건소,128.1893293,36.58447586,정좌표
528,528,경북,문경시,문경중앙병원,경북 문경시 중앙로 117-18 ,문경시보건소,128.1990814,36.59600315,정좌표
529,529,경북,봉화군,봉화군보건소,경북 봉화군 봉화읍 내성리 285 봉화군보건소,봉화군보건소,128.7419683,36.89062881,정좌표
530,530,경북,봉화군,봉화해성병원,경북 봉화군 보밑길3 봉화해성병원,봉화군보건소,128.7335074,36.89169726,정좌표
531,531,경북,상주시,상주시보건소,경북 상주시 무양동 33-4,상주시보건소,128.1501736,36.41644718,정좌표
532,532,경북,상주시,상주적십자병원,경북 상주시 상서문로 53,상주시보건소,128.1553063,36.41445192,정좌표
533,533,경북,상주시,상주성모병원,경북 상주시 냉림서성길,상주시보건소,128.1607394,36.4198722,인근좌표
534,534,경북,구미시,구미시선산보건소,경북 구미시 선산읍 선주로121,구미시선산보건소,128.2999428,36.24417077,정좌표
535,535,경북,성주군,성주군보건소,경상북도 성주군 성주읍 성밖숲길 2,성주군보건소,128.2788044,35.91764254,정좌표
536,536,경북,안동시,안동시보건소,경북 안동시 북문동(중구동) 58 안동시보건소,안동시보건소,128.7300805,36.56693114,정좌표
537,537,경북,안동시,안동병원,경북 안동시 앙실로 11 (수상동),안동시보건소,128.7001622,36.54738762,정좌표
538,538,경북,안동시,안동성소병원,경북 안동시 서동문로 99 ,안동시보건소,128.7226698,36.56746519,정좌표
539,539,경북,안동시,경상북도안동의료원,경상북도 안동시 태사2길 55,안동시보건소,128.7315257,36.5682349,정좌표
540,540,경북,영덕군,영덕군보건소,경북 영덕군 영덕읍 군청길 53,영덕군보건소,129.3735581,36.41354497,정좌표
541,541,경북,영덕군,영덕아산병원,경북 영덕읍  영덕로 1621,영덕군보건소,129.4023426,36.52367845,정좌표
542,542,경북,영양군,영양군보건소,경상북도 영양군 영양읍 동부리 동서대로 82번지,영양군보건소,129.118064,36.66194695,정좌표
543,543,경북,영주시,영주시보건소,경북 영주시 휴천동(휴천2동) 466-6 영주시보건소,영주시보건소,128.6219013,36.80623929,정좌표
544,544,경북,영주시,영주적십자병원,경북 영주시 대학로 327,영주시보건소,128.6040041,36.82525676,정좌표
545,545,경북,영천시,영천시보건소,경북 영천시 문내동 152-1 ,영천시보건소,128.9324923,35.96852041,정좌표
546,546,경북,영천시,영남대학교 영천병원,경북 영천시 오수1길 10,영천시보건소,128.913317,35.9573529,정좌표
547,547,경북,예천군,예천군보건소,"경북 예천군 예천읍 군청길 33, 예천군보건소",예천군보건소,128.4529782,36.65801077,정좌표
548,548,경북,예천군,예천권병원,"경북 예천군 예천읍 시장로 136, 예천권병원",예천군보건소,128.4589856,36.65737661,정좌표
549,549,경북,의성군,의성군보건소,경북 의성군 의성읍 도서리 104-1 ,의성군보건소,128.6975006,36.34582711,정좌표
550,550,경북,의성군,공생병원,경북 의성군 의성읍 문소3길 96,의성군보건소,128.694697,36.35446297,정좌표
551,551,경북,청도군,청도군보건소,경북 청도군 화양읍 범곡리 96 ,청도군보건소,128.7372975,35.64862173,정좌표
552,552,경북,칠곡군,칠곡군보건소,경북 칠곡군 왜관읍 석전2리 262-1,칠곡군보건소,128.4086399,35.99395785,정좌표
553,553,경북,포항시,포항시남구보건소,경북 포항시 남구 인덕동(제철동) 161-1 남구보건소,포항시남구보건소,129.3965314,35.99242573,정좌표
554,554,경북,포항시,세명기독병원,경상북도 포항시 남구 대도동 94-8,포항시남구보건소,129.3623103,36.01773296,정좌표
555,555,경북,포항시,포항성모병원,경상북도 포항시 남구 대잠동길 17,포항시남구보건소,129.3400885,36.01655488,정좌표
556,556,경북,포항시,포항시북구보건소,경북 포항시 북구 장성동 1363,포항시북구보건소,129.3804267,36.07067202,정좌표
557,557,경북,포항시,포항의료원,경북 포항시 북구 용흥로 36,포항시북구보건소,129.3545666,36.03516531,정좌표
558,558,경북,울릉군,울릉군보건의료원,경북 울릉군 울릉읍    울릉순환로 396-18,울릉군보건의료원,130.898835,37.48589431,정좌표
559,559,경북,울진군,울진군보건소,경북 울진군 울진읍 읍내8길 61-8,울진군보건소,129.4045987,36.99589458,정좌표
560,560,경북,청송군,청송군보건의료원,경북 청송군 청송읍 금곡리 1056-54 청송보건의료원,청송군보건의료원,129.052642,36.43096237,정좌표
561,561,경북,청송군,경북북부제2교도소 부속의원,경북 청송군 진보면 양정길 110,청송군보건의료원,129.0534918,36.53359916,인근좌표
562,562,경남,거제시,거제시보건소,경상남도 거제시 고현동 906번지 ,거제시보건소,128.6162537,34.88356009,정좌표
563,563,경남,거제시,거붕백병원,경남 거제시 계룡로5길 14,거제시보건소,128.6270728,34.87287878,정좌표
564,564,경남,거제시,대우병원,경남 거제시 두모길16,거제시보건소,128.7216649,34.87234603,정좌표
565,565,경남,거제시,맑은샘병원,경남 거제시 연초면 거제대로 4477,거제시보건소,128.6433031,34.89771213,정좌표
566,566,경남,거창군,거창군보건소,경남 거창군 거창읍 거함대로 3079 거창군보건소,거창군보건소,127.8987279,35.68093608,정좌표
567,567,경남,거창군,거창적십자병원,경남 거창군 거창읍 중앙로91 거창적십자병원,거창군보건소,127.9091373,35.68652059,정좌표
568,568,경남,고성군,고성군보건소,경남 고성군 고성읍 대독리 4 고성군보건소,고성군보건소,128.3143203,34.96959778,정좌표
569,569,경남,김해시,김해시보건소,경남 김해시 외동(내외동) 1261-3 김해시 보건소,김해시보건소,128.871104,35.23213789,정좌표
570,570,경남,김해시,김해중앙병원,경상남도 김해시 분성로 94-8 (외동),김해시보건소,128.8570538,35.23085216,정좌표
571,571,경남,김해시,갑을장유병원,경상남도 김해시 장유로 167-13 (부곡동),김해시보건소,128.8056176,35.20866529,정좌표
572,572,경남,김해시,조은금강병원,경상남도 김해시 김해대로 1814-37 (삼계동),김해시보건소,128.8615376,35.26309338,정좌표
573,573,경남,남해군,남해군보건소,경남 남해군 남해읍 북변리 458-1,남해군보건소,127.8989832,34.84410231,정좌표
574,574,경남,남해군,이도의료재단 남해병원,경상남도 남해군 남해읍 화전로 169,남해군보건소,127.8942786,34.84647016,정좌표
575,575,경남,창원시,창원시 마산보건소,경남 창원시 마산합포구 해운동   61-1,창원시 마산보건소,128.5631653,35.18252604,정좌표
576,576,경남,창원시,삼성창원병원,경남 창원시 마산회원구 팔용로 158,창원시 마산보건소,128.5930275,35.24307313,정좌표
577,577,경남,창원시,경상남도마산의료원,경상남도 창원시 마산합포구 3.15대로 231,창원시 마산보건소,128.4683911,35.13912945,인근좌표
578,578,경남,창원시,SMG연세병원,경상남도 창원시 마산합포구 3.15대로 76,창원시 마산보건소,128.4683911,35.13912945,인근좌표
579,579,경남,밀양시,밀양시보건소,경남 밀양시 삼문동 159-1 (삼문중앙로41),밀양시보건소,128.7561439,35.48562501,정좌표
580,580,경남,밀양시,밀양윤병원,경남 밀양시 삼문중앙로 32,밀양시보건소,128.7556227,35.48463461,정좌표
581,581,경남,사천시,사천시보건소,경남 사천시 용현면 덕곡리 사천시청 501번지,사천시보건소,128.0645652,35.00347737,정좌표
582,582,경남,사천시,의료법인승연의료재단 삼천포서울병원,경남 사천시 남일로 33(동금동),사천시보건소,128.0802547,34.93340399,정좌표
583,583,경남,사천시,삼천포제일병원,경남 사천시 중앙로136,사천시보건소,128.0794436,34.9371737,정좌표
584,584,경남,양산시,양산시보건소,경남 양산시 중부동 707-2(삽량로 169),양산시보건소,129.0249562,35.33564706,정좌표
585,585,경남,양산시,베데스다병원,경남 양산시 신기로 28,양산시보건소,129.043599,35.35323339,정좌표
586,586,경남,양산시,양산부산대학교병원,경남 양산시 금오로 20,양산시보건소,129.0056172,35.32789559,정좌표
587,587,경남,양산시,웅상중앙병원,경남 양산시 서창로 59,양산시보건소,129.1641119,35.40667416,정좌표
588,588,경남,의령군,의령군보건소,경상남도 의령군 의령읍 서동리 534,의령군보건소,128.2550276,35.31764767,정좌표
589,589,경남,의령군,의령병원,경남 의령군 의령읍 의병로14길 10,의령군보건소,128.2587299,35.31857632,정좌표
590,590,경남,진주시,진주시보건소,"경남 진주시 월아산로 2026, 1층 (초전동)",진주시보건소,128.1209108,35.21288349,정좌표
591,591,경남,진주시,제일병원,경남 진주시 진주대로 885,진주시보건소,128.0899976,35.1792875,정좌표
592,592,경남,진주시,고려병원,경남 진주시 동진로 2,진주시보건소,128.0919714,35.17851143,정좌표
593,593,경남,진주시,반도병원,경남 진주시 남강로701,진주시보건소,128.0881406,35.19175695,정좌표
594,594,경남,진주시,진주복음병원,경남 진주시 진양호로 370,진주시보건소,128.0695429,35.18524756,정좌표
595,595,경남,진주시,진주세란병원,경남 진주시 진주대로 829,진주시보건소,128.0928839,35.1746668,정좌표
596,596,경남,진주시,경상국립대학교병원,경남 진주시 강남로 79,진주시보건소,128.0964108,35.17695567,정좌표
597,597,경남,진주시,한일병원,경남 진주시 범골로 17,진주시보건소,128.1285473,35.16696464,정좌표
598,598,경남,창원시,창원시 진해보건소,경남 창원시 진해구 풍호동 1 진해보건소,창원시 진해보건소,128.7104052,35.13294556,정좌표
599,599,경남,창원시,연세에스병원,경남 창원시 진해구 해원로32번길 13,창원시 진해보건소,128.6983349,35.15473353,정좌표
600,600,경남,창원시,세광병원,경상남도 창원시 진해구 중원동로 55-1,창원시 진해보건소,128.6609134,35.14974315,정좌표
601,601,경남,창녕군,창녕군보건소,경남 창녕군 창녕읍 교리 996-1 창녕군보건소,창녕군보건소,128.4904371,35.54371906,정좌표
602,602,경남,창녕군,태황의료재단한성병원,경남 창녕군 창녕읍 교리1길 2,창녕군보건소,128.4921489,35.5445948,정좌표
603,603,경남,창원시,창원시 창원보건소,경남 창원시 의창구 신월동  창원보건소 96-2,창원시 창원보건소,128.6855953,35.22797852,정좌표
604,604,경남,창원시,창원경상국립대학교병원,경남 창원시 성산구 삼정자로11,창원시 창원보건소,128.705987,35.19906044,정좌표
605,605,경남,창원시,창원파티마병원,경남 창원시 의창구 창이대로 45,창원시 창원보건소,128.6467626,35.23746352,정좌표
606,606,경남,창원시,창원한마음병원,경남 창원시 의창구 용동로57번길 8,창원시 창원보건소,128.6975287,35.23850345,인근좌표
607,607,경남,통영시,통영시보건소,경남 통영시 무전동 401-1 통영시보건소,통영시보건소,128.4320424,34.8598931,정좌표
608,608,경남,통영시,통영적십자병원 ,경남 통영시 중앙로97,통영시보건소,128.4198857,34.84238403,정좌표
609,609,경남,하동군,하동군보건소,경남 하동군 하동읍 읍내리 149-1 하동보건소,하동군보건소,127.7526115,35.06676509,정좌표
610,610,경남,하동군,새하동병원,경상남도 하동군 하동읍 화심길 39,하동군보건소,127.7385613,35.08303937,정좌표
611,611,경남,함안군,함안군보건소,경상남도 함안군 가야읍 말산리 100번지,함안군보건소,128.4103152,35.27559732,정좌표
612,612,경남,함안군,영동병원,경남 함안군 칠원읍 용산2길 45-13,함안군보건소,128.5156029,35.30894854,정좌표
613,613,경남,함안군,아라한국병원,경남 함안군 산인면 학산2길 17-50,함안군보건소,128.4317398,35.27426862,정좌표
614,614,경남,함양군,함양군보건소,경남 함양군 함양읍 한들로 141,함양군보건소,127.7317808,35.51967545,정좌표
615,615,경남,함양군,함양성심병원,경남 함양군 함양읍 고운로 70,함양군보건소,127.729263,35.520485,정좌표
616,616,경남,합천군,합천군보건소,경남 합천군 합천읍 합천리 524-1,합천군보건소,128.156847,35.56789655,정좌표
617,617,경남,산청군,산청군보건의료원,경상남도 산청군 산청읍 지리 중앙로97,산청군보건의료원,127.8842356,35.41608129,정좌표
618,618,제주,서귀포시,서귀포시(서귀포보건소),제주 서귀포시 중앙로101번길 52,서귀포시(서귀포보건소),126.5553612,33.25348598,정좌표
619,619,제주,서귀포시,서귀포열린병원,제주특별자치도 서귀포시 일주동로 8638,서귀포시(서귀포보건소),126.5654256,33.25446623,정좌표
620,620,제주,서귀포시,서귀포의료원,제주특별자치도 서귀포시 장수로 47 ,서귀포시(서귀포보건소),126.5638921,33.25606919,정좌표
621,621,제주,서귀포시,서귀포시(동부보건소),제주 서귀포시 남원읍 남원리 2359-1 동부보건소,서귀포시(동부보건소),126.7034967,33.2755796,정좌표
622,622,제주,서귀포시,서귀포시(서부보건소),"제주특별자치도 서귀포시 대정읍 최남단해안로15번길 12, 서귀포시 서부보건소",서귀포시(서부보건소),126.2532458,33.21867388,정좌표
623,623,제주,제주시,제주시제주보건소,제주 제주시 연삼로 264,제주시제주보건소,127.6178213,37.17970237,인근좌표
624,624,제주,제주시,제주대학교병원,제주 제주시 아란13길 15,제주시제주보건소,126.5452007,33.46720889,정좌표
625,625,제주,제주시,제주한라병원,제주 제주시 도령로 65,제주시제주보건소,126.4852187,33.48965328,정좌표
626,626,제주,제주시,한마음병원,제주 제주시 연신로 52,제주시제주보건소,126.5462387,33.49628679,정좌표
627,627,제주,제주시,한국병원,제주 제주시 서광로 193,제주시제주보건소,127.1119903,37.73433111,인근좌표
628,628,제주,제주시,중앙병원,제주 제주시 월랑로 91,제주시제주보건소,126.4704808,33.49232086,정좌표
629,629,제주,제주시,제주시(동부보건소),제주 제주시 구좌읍 김녕리 1697-1 동부보건소 동부보건소,제주시(동부보건소),126.75119,33.55445399,정좌표
630,630,제주,제주시,제주시(서부보건소),제주특별자치도 제주시 한림읍 한림리 966-1번지 (한림리),제주시(서부보건소),126.2695202,33.41236701,정좌표
